[{"name": "hello", "id": "2ee99d8@@hello@exe", "type": "executable", "defined_in": "/home/agguro/Projects/linux-nasm/projectroot/arch/x86_64/examples/basics/hello/meson.build", "filename": ["/home/agguro/Projects/linux-nasm/projectroot/build_x86_64/arch/x86_64/examples/basics/hello/hello"], "build_by_default": true, "target_sources": [{"language": "c", "compiler": ["cc"], "parameters": ["-I/home/agguro/Projects/linux-nasm/projectroot/build_x86_64/arch/x86_64/examples/basics/hello/hello.p", "-I/home/agguro/Projects/linux-nasm/projectroot/build_x86_64/arch/x86_64/examples/basics/hello", "-I/home/agguro/Projects/linux-nasm/projectroot/arch/x86_64/examples/basics/hello", "-I/home/agguro/Projects/linux-nasm/projectroot/arch/x86_64/include", "-fdiagnostics-color=always", "-D_FILE_OFFSET_BITS=64", "-Wall", "-Winvalid-pch", "-O0", "-g"], "sources": ["/home/agguro/Projects/linux-nasm/projectroot/arch/x86_64/examples/basics/hello/hello.S"], "generated_sources": []}], "extra_files": [], "subproject": null, "installed": false}]